fecha,tipoid,doc,nombres,apellidos,tipopqr,motivo,fechainc,eps,servicio,descripcion,estado,condicion,detalle1,detalle2,detalle3,remision,notificada,soportes,encargado
10/05/2020,CC,1090403376,prueba,prueba,QUEJA,ADMINISTRACION,10/01/2020,COMPARTA,URGENCIAS,lsakfbalkfa,EN TRAMITE,ABIERTA,aslkal,falknal,fkajfña,,,,
10/06/2020,TI,10905039812,NATALI,VELASQUEZ,PETICION,OPORTUNIDAD,10/13/2020,MEDIMAS,FALLA EN IPS,lsidhaliha,NO RESUELTA,ABIERTA,alifhalhfihsgaga,alknalh,gagnalngka,1,,,dianaquintero
10/05/2020,CC,1090403376,prueba,prueba,QUEJA,ADMINISTRACION,10/01/2020,COMPARTA,URGENCIAS,lsakfbalkfa,EN TRAMITE,ABIERTA,aslkal,falknal,fkajfña,,,,
10/06/2020,TI,10905039812,NATALI,VELASQUEZ,PETICION,OPORTUNIDAD,10/13/2020,MEDIMAS,FALLA EN IPS,lsidhaliha,NO RESUELTA,ABIERTA,alifhalhfihsgaga,alknalh,gagnalngka,1,,,dianaquintero
